insert into Groups
(
    group_id,
    name
)
values
(1, 'A12345'),
(2, 'A12346'),
(3, 'B54321'),
(4, 'B54320');

insert into Students
(
    student_id,
    first_name,
    last_name,
    birthday,
    phone,
    group_id
)
values
(1, 'Алексей', 'Иванов', '2005-01-01', '89005553535', 1),
(2, 'Виктор', 'Алексеев', '2005-02-04', '89005553536', 1),
(3, 'Олег', 'Баранов', '2005-03-13', '89005553537', 2),
(4, 'Сергей', 'Малеванный', '2004-04-28', '89005553538', 2),
(5, 'Сергей', 'Петров', '2004-06-30', '89005553539', 3),
(6, 'Станислав', 'Иванов', '2004-11-03', '89005553540', 3),
(7, 'Анна', 'Осипова', '2004-01-09', '89005553541', 4),
(8, 'Валерий', 'Мухин', '2004-12-17', '89005553542', 4);

insert into Subjects
(
    subject_id,
    name
)
values
(1, 'Литература'),
(2, 'История'),
(3, 'Химия'),
(4, 'История');

insert into Teachers
(
    teacher_id,
    first_name,
    last_name,
    birthday,
    phone
)
values
(1, 'Александр', 'Пушкин', '1799-06-06', '89991112233'),
(2, 'Дмитрий', 'Менделеев', '1834-02-08', '89991112244'),
(3, 'Михаил', 'Лермонтов', '1814-10-15', '89991112255'),
(4, 'Михаил', 'Ломоносов', '1711-11-19', '89991112266');

insert into Courses
(
    subject_id,
    group_id,
    teacher_id,
    year,
    term
)
values
(1, 1, 1, 2023, 1), -- Литература от А. Пушкина в группе A12345
(1, 1, 3, 2023, 2), -- Литература от М. Лермонтова в группе A12345
(1, 2, 3, 2023, 1), -- Литература от М. Лермонтова в группе A12346
(3, 3, 2, 2023, 3), -- Химия от Д. Менделеева в группе B54321
(2, 4, 4, 2023, 4); -- История от М. Ломоносова в группе B54320

insert into Marks
(
    student_id,
    subject_id,
    group_id,
    teacher_id,
    mark
)
values
(1, 1, 1, 1, 5), -- Литература от А. Пушкина у Алексея Иванова
(2, 1, 1, 1, 3), -- Литература от А. Пушкина у Виктора Алексеева
(1, 1, 1, 3, 4), -- Литература от М. Лермонтова у Алексея Иванова
(2, 1, 1, 3, 3), -- Литература от М. Лермонтова у Виктора Алексеева
(3, 1, 2, 3, 4), -- Литература от М. Лермонтова у Олега Баранова
(4, 1, 2, 3, 5), -- Литература от М. Лермонтова у Сергея Малеванного
(5, 3, 3, 2, 4), -- Химия от Д. Менделеева у Сергея Петрова
(6, 3, 3, 2, 5), -- Химия от Д. Менделеева у Станислава Иванова
(7, 2, 4, 4, 3), -- История от М. Ломоносова у Анны Осиповой
(8, 2, 4, 4, 3); -- История от М. Ломоносова у Валерия Мухина
